{
  "images" : [
    {
      "filename" : "椭圆形 + 椭圆形备份 6 + 椭圆形备份 4 + 椭圆形备份 5 + 椭圆形备份 3 + 椭圆形备份 2 + 椭圆形备份 蒙版.png",
      "idiom" : "universal",
      "scale" : "1x"
    },
    {
      "filename" : "椭圆形 + 椭圆形备份 6 + 椭圆形备份 4 + 椭圆形备份 5 + 椭圆形备份 3 + 椭圆形备份 2 + 椭圆形备份 蒙版@2x.png",
      "idiom" : "universal",
      "scale" : "2x"
    },
    {
      "filename" : "椭圆形 + 椭圆形备份 6 + 椭圆形备份 4 + 椭圆形备份 5 + 椭圆形备份 3 + 椭圆形备份 2 + 椭圆形备份 蒙版@3x.png",
      "idiom" : "universal",
      "scale" : "3x"
    }
  ],
  "info" : {
    "author" : "xcode",
    "version" : 1
  }
}
